Rang;Club;Country;Number Victoires;Number Finales perdues;Dates Victoires;Dates Finales perdues
1;Al Ahly SC;Egypt;10;5;[1982 1987 2001 2005 2006 2008 2012 2013 2020 2021];[1983 2007 2017 2018 2022]
2;Zamalek SC;Egypt;5;3;[1984 1986 1993 1996 2002];[1994 2016 2020]
3;TP Mazembe;Democratic Republic of the Congo;5;2;[1967 1968 2009 2010 2015];[1969 1970]
4;ES Tunis;Tunisia;4;4;[1994 2011 2018 2019];[1999 2000 2010 2012]
5;Wydad AC;Morocco;3;2;[1992 2017 2022];[2011 2019]
7;Raja CA;Morocco;3;1;[1989 1997 1999];[2002]
8;Canon Yaoundé;Cameroon;3;0;[1971 1978 1980];
9;Asante Kotoko FC;Ghana;2;5;[1970 1983];[1967 1971 1973 1982 1993]
10;ES Sétif;Algeria;2;0;[1988 2014];
10;Enyimba FC;Nigeria;2;0;[2003 2004];
10;JS Kabylie;Algeria;2;0;[1981 1990];
13;ES Sahel;Tunisia;1;2;[2007];[2004 2005]
13;Hearts of Oak;Ghana;1;2;[2000];[1977 1979]
13;AS Vita Club;Democratic Republic of the Congo;1;2;[1973];[1981 2014]
16;Mamelodi Sundowns;South Africa;1;1;[2016];[2001]
16;ASEC Mimosas;Ivory Coast;1;1;[1998];[1995]
16;Orlando Pirates FC;Namibia;1;1;[1995];[2013]
16;Ismaily SC;Egypt;1;1;[1969];[2003]
20;Club africain;Tunisia;1;0;[1991];
20;AS FAR;Morocco;1;0;[1985];
20;Union Douala;Cameroon;1;0;[1979];
20;MC Alger;Algeria;1;0;[1976];
20;CARA Brazzaville;Congo;1;0;[1974];
20;Stade d'Abidjan;Ivory Coast;1;0;[1966];
20;Oryx Douala;Cameroon;1;0;[1965];
27;Heartland FC;Nigeria;0;2;;[1988 2009]
27;Shooting Stars;Tanzania;0;2;;[1984 1996]
27;Al Hilal Omdurman;Libya;0;2;;[1987 1992]
27;AS Dragons;Benin;0;2;;[1980 1985]
31;Kaizer Chiefs;South Africa;0;1;;[2021]
31;USM Alger;Algeria;0;1;;[2015]
31;Coton Sport;Cameroon;0;1;;[2008]
31;CS sfaxien;Tunisia;0;1;;[2006]
31;Dynamos FC;Zambia;0;1;;[1998]
31;Ashanti Gold SC;Ghana;0;1;;[1997]
31;Villa SC;Uganda;0;1;;[1991]
31;MC Oran;Algeria;0;1;;[1989]
31;Africa Sports;Central African Republic;0;1;;[1986]
31;Enugu Rangers;Nigeria;0;1;;[1975]
31;Simba FC;Democratic Republic of the Congo;0;1;;[1972]
31;Étoile Filante de Lomé;Burkina Faso;0;1;;[1968]
31;AS Real Bamako;Mali;0;1;;[1966]
31;Stade malien;Mali;0;1;;[1965]
